images_id,label
real_1,real
real_10,real
real_100,real
real_101,real
real_102,real
real_103,real
real_104,real
real_105,real
real_106,real
real_107,real
real_108,real
real_109,real
real_11,real
real_110,real
real_111,real
real_112,real
real_113,real
real_114,real
real_115,real
real_116,real
real_117,real
real_118,real
real_119,real
real_12,real
real_120,real
real_121,real
real_122,real
real_123,real
real_124,real
real_125,real
real_126,real
real_127,real
real_128,real
real_129,real
real_13,real
real_130,real
real_131,real
real_132,real
real_133,real
real_134,real
real_135,real
real_136,real
real_137,real
real_138,real
real_139,real
real_14,real
real_140,real
real_141,real
real_142,real
real_143,real
real_144,real
real_145,real
real_146,real
real_147,real
real_148,real
real_149,real
real_15,real
real_150,real
real_151,real
real_152,real
real_153,real
real_154,real
real_155,real
real_156,real
real_157,real
real_158,real
real_159,real
real_16,real
real_160,real
real_161,real
real_162,real
real_163,real
real_164,real
real_165,real
real_166,real
real_167,real
real_168,real
real_169,real
real_17,real
real_170,real
real_171,real
real_172,real
real_173,real
real_174,real
real_175,real
real_176,real
real_177,real
real_178,real
real_179,real
real_18,real
real_180,real
real_181,real
real_182,real
real_183,real
real_184,real
real_185,real
real_186,real
real_187,real
real_188,real
real_189,real
real_19,real
real_190,real
real_191,real
real_192,real
real_193,real
real_194,real
real_195,real
real_196,real
real_197,real
real_198,real
real_199,real
real_2,real
real_20,real
real_200,real
real_201,real
real_202,real
real_203,real
real_204,real
real_205,real
real_206,real
real_207,real
real_208,real
real_209,real
real_21,real
real_210,real
real_211,real
real_212,real
real_213,real
real_214,real
real_215,real
real_216,real
real_217,real
real_218,real
real_219,real
real_22,real
real_220,real
real_221,real
real_222,real
real_223,real
real_224,real
real_225,real
real_226,real
real_227,real
real_228,real
real_229,real
real_23,real
real_230,real
real_231,real
real_232,real
real_233,real
real_234,real
real_235,real
real_236,real
real_237,real
real_238,real
real_239,real
real_24,real
real_240,real
real_241,real
real_242,real
real_243,real
real_244,real
real_245,real
real_246,real
real_247,real
real_248,real
real_249,real
real_25,real
real_250,real
real_251,real
real_252,real
real_253,real
real_254,real
real_255,real
real_256,real
real_257,real
real_258,real
real_259,real
real_26,real
real_260,real
real_261,real
real_262,real
real_263,real
real_264,real
real_265,real
real_266,real
real_267,real
real_268,real
real_269,real
real_27,real
real_270,real
real_271,real
real_272,real
real_273,real
real_274,real
real_275,real
real_276,real
real_277,real
real_278,real
real_279,real
real_28,real
real_280,real
real_281,real
real_282,real
real_283,real
real_284,real
real_285,real
real_286,real
real_287,real
real_288,real
real_289,real
real_29,real
real_290,real
real_291,real
real_292,real
real_293,real
real_294,real
real_295,real
real_296,real
real_297,real
real_298,real
real_299,real
real_3,real
real_30,real
real_300,real
real_301,real
real_302,real
real_303,real
real_304,real
real_305,real
real_306,real
real_307,real
real_308,real
real_309,real
real_31,real
real_310,real
real_311,real
real_312,real
real_313,real
real_314,real
real_315,real
real_316,real
real_317,real
real_318,real
real_319,real
real_32,real
real_320,real
real_321,real
real_322,real
real_323,real
real_324,real
real_325,real
real_326,real
real_327,real
real_328,real
real_329,real
real_33,real
real_330,real
real_331,real
real_332,real
real_333,real
real_334,real
real_335,real
real_336,real
real_337,real
real_338,real
real_339,real
real_34,real
real_340,real
real_341,real
real_342,real
real_343,real
real_344,real
real_345,real
real_346,real
real_347,real
real_348,real
real_349,real
real_35,real
real_350,real
real_351,real
real_352,real
real_353,real
real_354,real
real_355,real
real_356,real
real_357,real
real_358,real
real_359,real
real_36,real
real_360,real
real_361,real
real_362,real
real_363,real
real_364,real
real_365,real
real_366,real
real_367,real
real_368,real
real_369,real
real_37,real
real_370,real
real_371,real
real_372,real
real_373,real
real_374,real
real_375,real
real_376,real
real_377,real
real_378,real
real_379,real
real_38,real
real_380,real
real_381,real
real_382,real
real_383,real
real_384,real
real_385,real
real_386,real
real_387,real
real_388,real
real_389,real
real_39,real
real_390,real
real_391,real
real_392,real
real_393,real
real_394,real
real_395,real
real_396,real
real_397,real
real_398,real
real_399,real
real_4,real
real_40,real
real_400,real
real_401,real
real_402,real
real_403,real
real_404,real
real_405,real
real_406,real
real_407,real
real_408,real
real_409,real
real_41,real
real_410,real
real_411,real
real_412,real
real_413,real
real_414,real
real_415,real
real_416,real
real_417,real
real_418,real
real_419,real
real_42,real
real_420,real
real_421,real
real_422,real
real_423,real
real_424,real
real_425,real
real_426,real
real_427,real
real_428,real
real_429,real
real_43,real
real_430,real
real_431,real
real_432,real
real_433,real
real_434,real
real_435,real
real_436,real
real_437,real
real_438,real
real_439,real
real_44,real
real_440,real
real_441,real
real_442,real
real_443,real
real_444,real
real_445,real
real_446,real
real_447,real
real_448,real
real_449,real
real_45,real
real_450,real
real_451,real
real_452,real
real_453,real
real_454,real
real_455,real
real_456,real
real_457,real
real_458,real
real_459,real
real_46,real
real_460,real
real_461,real
real_462,real
real_463,real
real_464,real
real_465,real
real_466,real
real_467,real
real_468,real
real_469,real
real_47,real
real_470,real
real_471,real
real_472,real
real_473,real
real_474,real
real_475,real
real_476,real
real_477,real
real_478,real
real_479,real
real_48,real
real_480,real
real_481,real
real_482,real
real_483,real
real_484,real
real_485,real
real_486,real
real_487,real
real_488,real
real_489,real
real_49,real
real_490,real
real_491,real
real_492,real
real_493,real
real_494,real
real_495,real
real_496,real
real_497,real
real_498,real
real_499,real
real_5,real
real_50,real
real_500,real
real_501,real
real_502,real
real_503,real
real_504,real
real_505,real
real_506,real
real_507,real
real_508,real
real_509,real
real_51,real
real_510,real
real_511,real
real_512,real
real_513,real
real_514,real
real_515,real
real_516,real
real_517,real
real_518,real
real_519,real
real_52,real
real_520,real
real_521,real
real_522,real
real_523,real
real_524,real
real_525,real
real_526,real
real_527,real
real_528,real
real_529,real
real_53,real
real_530,real
real_531,real
real_532,real
real_533,real
real_534,real
real_535,real
real_536,real
real_537,real
real_538,real
real_539,real
real_54,real
real_540,real
real_541,real
real_542,real
real_543,real
real_544,real
real_545,real
real_546,real
real_547,real
real_548,real
real_549,real
real_55,real
real_550,real
real_551,real
real_552,real
real_553,real
real_554,real
real_555,real
real_556,real
real_557,real
real_558,real
real_559,real
real_56,real
real_560,real
real_561,real
real_562,real
real_563,real
real_564,real
real_565,real
real_566,real
real_567,real
real_568,real
real_569,real
real_57,real
real_570,real
real_571,real
real_572,real
real_573,real
real_574,real
real_575,real
real_576,real
real_577,real
real_578,real
real_579,real
real_58,real
real_580,real
real_581,real
real_582,real
real_583,real
real_584,real
real_585,real
real_586,real
real_587,real
real_588,real
real_589,real
real_59,real
real_6,real
real_60,real
real_61,real
real_62,real
real_63,real
real_64,real
real_65,real
real_66,real
real_67,real
real_68,real
real_69,real
real_7,real
real_70,real
real_71,real
real_72,real
real_73,real
real_74,real
real_75,real
real_76,real
real_77,real
real_78,real
real_79,real
real_8,real
real_80,real
real_81,real
real_82,real
real_83,real
real_84,real
real_85,real
real_86,real
real_87,real
real_88,real
real_89,real
real_9,real
real_90,real
real_91,real
real_92,real
real_93,real
real_94,real
real_95,real
real_96,real
real_97,real
real_98,real
real_99,real
fake_1,fake
fake_10,fake
fake_100,fake
fake_101,fake
fake_102,fake
fake_103,fake
fake_104,fake
fake_105,fake
fake_106,fake
fake_107,fake
fake_108,fake
fake_109,fake
fake_11,fake
fake_110,fake
fake_111,fake
fake_112,fake
fake_113,fake
fake_114,fake
fake_115,fake
fake_116,fake
fake_117,fake
fake_118,fake
fake_119,fake
fake_12,fake
fake_120,fake
fake_121,fake
fake_122,fake
fake_123,fake
fake_124,fake
fake_125,fake
fake_126,fake
fake_127,fake
fake_128,fake
fake_129,fake
fake_13,fake
fake_130,fake
fake_131,fake
fake_132,fake
fake_133,fake
fake_134,fake
fake_135,fake
fake_136,fake
fake_137,fake
fake_138,fake
fake_139,fake
fake_14,fake
fake_140,fake
fake_141,fake
fake_142,fake
fake_143,fake
fake_144,fake
fake_145,fake
fake_146,fake
fake_147,fake
fake_148,fake
fake_149,fake
fake_15,fake
fake_150,fake
fake_151,fake
fake_152,fake
fake_153,fake
fake_154,fake
fake_155,fake
fake_156,fake
fake_157,fake
fake_158,fake
fake_159,fake
fake_16,fake
fake_160,fake
fake_161,fake
fake_162,fake
fake_163,fake
fake_164,fake
fake_165,fake
fake_166,fake
fake_167,fake
fake_168,fake
fake_169,fake
fake_17,fake
fake_170,fake
fake_171,fake
fake_172,fake
fake_173,fake
fake_174,fake
fake_175,fake
fake_176,fake
fake_177,fake
fake_178,fake
fake_179,fake
fake_18,fake
fake_180,fake
fake_181,fake
fake_182,fake
fake_183,fake
fake_184,fake
fake_185,fake
fake_186,fake
fake_187,fake
fake_188,fake
fake_189,fake
fake_19,fake
fake_190,fake
fake_191,fake
fake_192,fake
fake_193,fake
fake_194,fake
fake_195,fake
fake_196,fake
fake_197,fake
fake_198,fake
fake_199,fake
fake_2,fake
fake_20,fake
fake_200,fake
fake_201,fake
fake_202,fake
fake_203,fake
fake_204,fake
fake_205,fake
fake_206,fake
fake_207,fake
fake_208,fake
fake_209,fake
fake_21,fake
fake_210,fake
fake_211,fake
fake_212,fake
fake_213,fake
fake_214,fake
fake_215,fake
fake_216,fake
fake_217,fake
fake_218,fake
fake_219,fake
fake_22,fake
fake_220,fake
fake_221,fake
fake_222,fake
fake_223,fake
fake_224,fake
fake_225,fake
fake_226,fake
fake_227,fake
fake_228,fake
fake_229,fake
fake_23,fake
fake_230,fake
fake_231,fake
fake_232,fake
fake_233,fake
fake_234,fake
fake_235,fake
fake_236,fake
fake_237,fake
fake_238,fake
fake_239,fake
fake_24,fake
fake_240,fake
fake_241,fake
fake_242,fake
fake_243,fake
fake_244,fake
fake_245,fake
fake_246,fake
fake_247,fake
fake_248,fake
fake_249,fake
fake_25,fake
fake_250,fake
fake_251,fake
fake_252,fake
fake_253,fake
fake_254,fake
fake_255,fake
fake_256,fake
fake_257,fake
fake_258,fake
fake_259,fake
fake_26,fake
fake_260,fake
fake_261,fake
fake_262,fake
fake_263,fake
fake_264,fake
fake_265,fake
fake_266,fake
fake_267,fake
fake_268,fake
fake_269,fake
fake_27,fake
fake_270,fake
fake_271,fake
fake_272,fake
fake_273,fake
fake_274,fake
fake_275,fake
fake_276,fake
fake_277,fake
fake_278,fake
fake_279,fake
fake_28,fake
fake_280,fake
fake_281,fake
fake_282,fake
fake_283,fake
fake_284,fake
fake_285,fake
fake_286,fake
fake_287,fake
fake_288,fake
fake_289,fake
fake_29,fake
fake_290,fake
fake_291,fake
fake_292,fake
fake_293,fake
fake_294,fake
fake_295,fake
fake_296,fake
fake_297,fake
fake_298,fake
fake_299,fake
fake_3,fake
fake_30,fake
fake_300,fake
fake_301,fake
fake_302,fake
fake_303,fake
fake_304,fake
fake_305,fake
fake_306,fake
fake_307,fake
fake_308,fake
fake_309,fake
fake_31,fake
fake_310,fake
fake_311,fake
fake_312,fake
fake_313,fake
fake_314,fake
fake_315,fake
fake_316,fake
fake_317,fake
fake_318,fake
fake_319,fake
fake_32,fake
fake_320,fake
fake_321,fake
fake_322,fake
fake_323,fake
fake_324,fake
fake_325,fake
fake_326,fake
fake_327,fake
fake_328,fake
fake_329,fake
fake_33,fake
fake_330,fake
fake_331,fake
fake_332,fake
fake_333,fake
fake_334,fake
fake_335,fake
fake_336,fake
fake_337,fake
fake_338,fake
fake_339,fake
fake_34,fake
fake_340,fake
fake_341,fake
fake_342,fake
fake_343,fake
fake_344,fake
fake_345,fake
fake_346,fake
fake_347,fake
fake_348,fake
fake_349,fake
fake_35,fake
fake_350,fake
fake_351,fake
fake_352,fake
fake_353,fake
fake_354,fake
fake_355,fake
fake_356,fake
fake_357,fake
fake_358,fake
fake_359,fake
fake_36,fake
fake_360,fake
fake_361,fake
fake_362,fake
fake_363,fake
fake_364,fake
fake_365,fake
fake_366,fake
fake_367,fake
fake_368,fake
fake_369,fake
fake_37,fake
fake_370,fake
fake_371,fake
fake_372,fake
fake_373,fake
fake_374,fake
fake_375,fake
fake_376,fake
fake_377,fake
fake_378,fake
fake_379,fake
fake_38,fake
fake_380,fake
fake_381,fake
fake_382,fake
fake_383,fake
fake_384,fake
fake_385,fake
fake_386,fake
fake_387,fake
fake_388,fake
fake_389,fake
fake_39,fake
fake_390,fake
fake_391,fake
fake_392,fake
fake_393,fake
fake_394,fake
fake_395,fake
fake_396,fake
fake_397,fake
fake_398,fake
fake_399,fake
fake_4,fake
fake_40,fake
fake_400,fake
fake_401,fake
fake_402,fake
fake_403,fake
fake_404,fake
fake_405,fake
fake_406,fake
fake_407,fake
fake_408,fake
fake_409,fake
fake_41,fake
fake_410,fake
fake_411,fake
fake_412,fake
fake_413,fake
fake_414,fake
fake_415,fake
fake_416,fake
fake_417,fake
fake_418,fake
fake_419,fake
fake_42,fake
fake_420,fake
fake_421,fake
fake_422,fake
fake_423,fake
fake_424,fake
fake_425,fake
fake_426,fake
fake_427,fake
fake_428,fake
fake_429,fake
fake_43,fake
fake_430,fake
fake_431,fake
fake_432,fake
fake_433,fake
fake_434,fake
fake_435,fake
fake_436,fake
fake_437,fake
fake_438,fake
fake_439,fake
fake_44,fake
fake_440,fake
fake_441,fake
fake_442,fake
fake_443,fake
fake_444,fake
fake_445,fake
fake_446,fake
fake_447,fake
fake_448,fake
fake_449,fake
fake_45,fake
fake_450,fake
fake_451,fake
fake_452,fake
fake_453,fake
fake_454,fake
fake_455,fake
fake_456,fake
fake_457,fake
fake_458,fake
fake_459,fake
fake_46,fake
fake_460,fake
fake_461,fake
fake_462,fake
fake_463,fake
fake_464,fake
fake_465,fake
fake_466,fake
fake_467,fake
fake_468,fake
fake_469,fake
fake_47,fake
fake_470,fake
fake_471,fake
fake_472,fake
fake_473,fake
fake_474,fake
fake_475,fake
fake_476,fake
fake_477,fake
fake_478,fake
fake_479,fake
fake_48,fake
fake_480,fake
fake_481,fake
fake_482,fake
fake_483,fake
fake_484,fake
fake_485,fake
fake_486,fake
fake_487,fake
fake_488,fake
fake_489,fake
fake_49,fake
fake_490,fake
fake_491,fake
fake_492,fake
fake_493,fake
fake_494,fake
fake_495,fake
fake_496,fake
fake_497,fake
fake_498,fake
fake_499,fake
fake_5,fake
fake_50,fake
fake_500,fake
fake_501,fake
fake_502,fake
fake_503,fake
fake_504,fake
fake_505,fake
fake_506,fake
fake_507,fake
fake_508,fake
fake_509,fake
fake_51,fake
fake_510,fake
fake_511,fake
fake_512,fake
fake_513,fake
fake_514,fake
fake_515,fake
fake_516,fake
fake_517,fake
fake_518,fake
fake_519,fake
fake_52,fake
fake_520,fake
fake_521,fake
fake_522,fake
fake_523,fake
fake_524,fake
fake_525,fake
fake_526,fake
fake_527,fake
fake_528,fake
fake_529,fake
fake_53,fake
fake_530,fake
fake_531,fake
fake_532,fake
fake_533,fake
fake_534,fake
fake_535,fake
fake_536,fake
fake_537,fake
fake_538,fake
fake_539,fake
fake_54,fake
fake_540,fake
fake_541,fake
fake_542,fake
fake_543,fake
fake_544,fake
fake_545,fake
fake_546,fake
fake_547,fake
fake_548,fake
fake_549,fake
fake_55,fake
fake_550,fake
fake_551,fake
fake_552,fake
fake_553,fake
fake_554,fake
fake_555,fake
fake_556,fake
fake_557,fake
fake_558,fake
fake_559,fake
fake_56,fake
fake_560,fake
fake_561,fake
fake_562,fake
fake_563,fake
fake_564,fake
fake_565,fake
fake_566,fake
fake_567,fake
fake_568,fake
fake_569,fake
fake_57,fake
fake_570,fake
fake_571,fake
fake_572,fake
fake_573,fake
fake_574,fake
fake_575,fake
fake_576,fake
fake_577,fake
fake_578,fake
fake_579,fake
fake_58,fake
fake_580,fake
fake_581,fake
fake_582,fake
fake_583,fake
fake_584,fake
fake_585,fake
fake_586,fake
fake_587,fake
fake_588,fake
fake_589,fake
fake_59,fake
fake_590,fake
fake_591,fake
fake_592,fake
fake_593,fake
fake_594,fake
fake_595,fake
fake_596,fake
fake_597,fake
fake_598,fake
fake_599,fake
fake_6,fake
fake_60,fake
fake_600,fake
fake_601,fake
fake_602,fake
fake_603,fake
fake_604,fake
fake_605,fake
fake_606,fake
fake_607,fake
fake_608,fake
fake_609,fake
fake_61,fake
fake_610,fake
fake_611,fake
fake_612,fake
fake_613,fake
fake_614,fake
fake_615,fake
fake_616,fake
fake_617,fake
fake_618,fake
fake_619,fake
fake_62,fake
fake_620,fake
fake_621,fake
fake_622,fake
fake_623,fake
fake_624,fake
fake_625,fake
fake_626,fake
fake_627,fake
fake_628,fake
fake_629,fake
fake_63,fake
fake_630,fake
fake_631,fake
fake_632,fake
fake_633,fake
fake_634,fake
fake_635,fake
fake_636,fake
fake_637,fake
fake_638,fake
fake_639,fake
fake_64,fake
fake_640,fake
fake_641,fake
fake_642,fake
fake_643,fake
fake_644,fake
fake_645,fake
fake_646,fake
fake_647,fake
fake_648,fake
fake_649,fake
fake_65,fake
fake_650,fake
fake_651,fake
fake_652,fake
fake_653,fake
fake_654,fake
fake_655,fake
fake_656,fake
fake_657,fake
fake_658,fake
fake_659,fake
fake_66,fake
fake_660,fake
fake_661,fake
fake_662,fake
fake_663,fake
fake_664,fake
fake_665,fake
fake_666,fake
fake_667,fake
fake_668,fake
fake_669,fake
fake_67,fake
fake_670,fake
fake_671,fake
fake_672,fake
fake_673,fake
fake_674,fake
fake_675,fake
fake_676,fake
fake_677,fake
fake_678,fake
fake_679,fake
fake_68,fake
fake_680,fake
fake_681,fake
fake_682,fake
fake_683,fake
fake_684,fake
fake_685,fake
fake_686,fake
fake_687,fake
fake_688,fake
fake_689,fake
fake_69,fake
fake_690,fake
fake_691,fake
fake_692,fake
fake_693,fake
fake_694,fake
fake_695,fake
fake_696,fake
fake_697,fake
fake_698,fake
fake_699,fake
fake_7,fake
fake_70,fake
fake_700,fake
fake_71,fake
fake_72,fake
fake_73,fake
fake_74,fake
fake_75,fake
fake_76,fake
fake_77,fake
fake_78,fake
fake_79,fake
fake_8,fake
fake_80,fake
fake_81,fake
fake_82,fake
fake_83,fake
fake_84,fake
fake_85,fake
fake_86,fake
fake_87,fake
fake_88,fake
fake_89,fake
fake_9,fake
fake_90,fake
fake_91,fake
fake_92,fake
fake_93,fake
fake_94,fake
fake_95,fake
fake_96,fake
fake_97,fake
fake_98,fake
fake_99,fake
